"Date","Open","High","Low","Close","Volume","Adjusted"
2025-01-02,136,138.880004882812,134.630004882812,138.309997558594,198247200,137.949371337891
2025-01-03,140.009994506836,144.899993896484,139.729995727539,144.470001220703,229322500,144.093307495117
2025-01-06,148.589996337891,152.160003662109,147.820007324219,149.429992675781,265377400,149.040374755859
2025-01-07,153.029998779297,153.130004882812,140.009994506836,140.139999389648,351782200,139.774597167969
2025-01-08,142.580001831055,143.949996948242,137.559997558594,140.110000610352,227349900,139.744689941406
2025-01-10,137.449996948242,139.919998168945,134.220001220703,135.910003662109,207602500,135.555648803711
2025-01-13,129.990005493164,133.490005493164,129.509994506836,133.229995727539,204808900,132.882614135742
2025-01-14,136.050003051758,136.380004882812,130.050003051758,131.759994506836,195590500,131.416458129883
2025-01-15,133.649993896484,136.449996948242,131.289993286133,136.240005493164,185217300,135.884765625
2025-01-16,138.639999389648,138.75,133.490005493164,133.570007324219,209235600,133.221755981445
2025-01-17,136.690002441406,138.5,135.460006713867,137.710006713867,201188800,137.350936889648
2025-01-21,139.160003662109,141.830001831055,137.089996337891,140.830001831055,197749000,140.462814331055
2025-01-22,144.660003662109,147.789993286133,143.669998168945,147.070007324219,237651400,146.686553955078
2025-01-23,145.050003051758,147.229995727539,143.720001220703,147.220001220703,155915500,146.836135864258
2025-01-24,148.369995117188,148.970001220703,141.880004882812,142.619995117188,234657600,142.248123168945
2025-01-27,124.800003051758,128.399993896484,116.699996948242,118.419998168945,818830900,118.111236572266
2025-01-28,121.809997558594,129,116.25,128.990005493164,579666400,128.653686523438
2025-01-29,126.5,126.889999389648,120.050003051758,123.699996948242,467120600,123.377479553223
2025-01-30,123.099998474121,125,118.099998474121,124.650001525879,392925500,124.324996948242
2025-01-31,123.779998779297,127.849998474121,119.190002441406,120.069999694824,388161100,119.756942749023
2025-02-03,114.75,118.569999694824,113.01000213623,116.660003662109,371235700,116.355827331543
2025-02-04,116.959999084473,121.199996948242,116.699996948242,118.650001525879,256550000,118.340629577637
2025-02-05,121.76000213623,125,120.76000213623,124.830001831055,262230800,124.504524230957
2025-02-06,127.419998168945,128.770004272461,125.209999084473,128.679992675781,251483600,128.344467163086
2025-02-07,129.220001220703,130.369995117188,125,129.839996337891,228186300,129.501449584961
2025-02-10,130.089996337891,135,129.960006713867,133.570007324219,216989100,133.221755981445
2025-02-11,132.580001831055,134.479995727539,131.020004272461,132.800003051758,178902400,132.453750610352
2025-02-12,130.020004272461,132.240005493164,129.080001831055,131.139999389648,160278600,130.798080444336
2025-02-13,131.559997558594,136.5,131.169998168945,135.289993286133,197430000,134.937255859375
2025-02-14,136.479995727539,139.25,135.5,138.850006103516,195479600,138.48796081543
2025-02-18,141.270004272461,143.440002441406,137.929992675781,139.399993896484,219176600,139.036529541016
2025-02-19,139.509994506836,141.360000610352,137.220001220703,139.229995727539,167536000,138.866989135742
2025-02-20,140.029998779297,140.660003662109,136.789993286133,140.110000610352,143903600,139.744689941406
2025-02-21,140.039993286133,141.460006713867,134.029998779297,134.429992675781,228217600,134.079498291016
2025-02-24,136.559997558594,138.589996337891,130.080001831055,130.279998779297,251381100,129.940307617188
2025-02-25,129.979995727539,130.199996948242,124.440002441406,126.629997253418,271428700,126.299835205078
2025-02-26,129.990005493164,133.729995727539,128.490005493164,131.279998779297,322553800,130.937713623047
2025-02-27,135,135.009994506836,120.01000213623,120.150001525879,443175800,119.836730957031
2025-02-28,118.019996643066,125.089996337891,116.400001525879,124.919998168945,389091100,124.594284057617
2025-03-03,123.51000213623,123.699996948242,112.279998779297,114.059997558594,411381400,113.762603759766
2025-03-04,110.650001525879,119.309997558594,110.110000610352,115.98999786377,398163300,115.687576293945
2025-03-05,117.580001831055,118.279998779297,114.51000213623,117.300003051758,284337900,116.994163513184
2025-03-06,113.529998779297,115.349998474121,110.220001220703,110.569999694824,321181900,110.281700134277
2025-03-07,111.25,113.480003356934,107.559997558594,112.690002441406,341755500,112.396186828613
2025-03-10,109.900001525879,111.849998474121,105.459999084473,106.980003356934,366487400,106.701072692871
2025-03-11,106.98999786377,112.23999786377,104.769996643066,108.76000213623,354865700,108.476417541504
2025-03-12,114.120002746582,116.76000213623,112.879997253418,115.73999786377,323857500,115.448844909668
2025-03-13,117.029998779297,117.76000213623,113.790000915527,115.580001831055,299033100,115.289253234863
2025-03-14,118.610000610352,121.879997253418,118.150001525879,121.669998168945,277593500,121.363922119141
2025-03-17,122.73999786377,122.889999389648,118.029998779297,119.529998779297,255501500,119.229309082031
2025-03-18,118,119.019996643066,114.540000915527,115.430000305176,299686900,115.139633178711
2025-03-19,117.269996643066,120.449996948242,115.680000305176,117.519996643066,273426200,117.22435760498
2025-03-20,116.550003051758,120.199996948242,116.470001220703,118.529998779297,248829700,118.231819152832
2025-03-21,116.940002441406,117.98999786377,115.419998168945,117.699996948242,266498500,117.403907775879
2025-03-24,119.879997253418,122.220001220703,119.339996337891,121.410003662109,228452500,121.104583740234
2025-03-25,120.550003051758,121.290000915527,118.919998168945,120.690002441406,167447200,120.386390686035
2025-03-26,118.730003356934,118.839996337891,112.709999084473,113.76000213623,293463300,113.473823547363
2025-03-27,111.349998474121,114.449996948242,110.660003662109,111.430000305176,236902100,111.149681091309
2025-03-28,111.48999786377,112.870002746582,109.069999694824,109.669998168945,229872500,109.394111633301
2025-03-31,105.129997253418,110.959999084473,103.650001525879,108.379997253418,299212700,108.107353210449
2025-04-01,108.519996643066,110.199996948242,106.470001220703,110.150001525879,222614000,109.872909545898
2025-04-02,107.290000915527,111.980003356934,106.790000915527,110.419998168945,220601200,110.142219543457
2025-04-03,103.51000213623,105.629997253418,101.599998474121,101.800003051758,338769400,101.543914794922
2025-04-04,98.9100036621094,100.129997253418,92.1100006103516,94.3099975585938,532273800,94.0727615356445
2025-04-07,87.4599990844727,101.75,86.620002746582,97.6399993896484,611041300,97.3943710327148
2025-04-08,103.809997558594,105.849998474121,94.4599990844727,96.3000030517578,476243400,96.0577545166016
2025-04-09,98.8899993896484,115.099998474121,97.5299987792969,114.330001831055,612918300,114.04239654541
2025-04-10,109.370002746582,110.860000610352,99.1500015258789,107.569999694824,437812400,107.29940032959
2025-04-11,108.5,111.550003051758,107.480003356934,110.930000305176,313417300,110.650947570801
2025-04-14,114.110000610352,114.290000915527,109.069999694824,110.709999084473,264705000,110.431503295898
2025-04-15,110.970001220703,113.620002746582,110.5,112.199996948242,228966900,111.917747497559
2025-04-16,104.550003051758,106.790000915527,100.449996948242,104.48999786377,397016900,104.227142333984
2025-04-17,104.449996948242,104.470001220703,100.050003051758,101.48999786377,292517500,101.234687805176
2025-04-21,98.7699966430664,99.4400024414062,95.0400009155273,96.9100036621094,288501100,96.6662216186523
2025-04-22,98.7799987792969,99.8099975585938,97.2799987792969,98.8899993896484,241004800,98.641227722168
2025-04-23,104.519996643066,104.800003051758,102.019996643066,102.709999084473,247526000,102.451614379883
2025-04-24,103.480003356934,106.540000915527,103.110000610352,106.430000305176,220815000,106.162261962891
2025-04-25,106.849998474121,111.919998168945,105.730003356934,111.01000213623,251064700,110.730743408203
2025-04-28,109.690002441406,110.370002746582,106.019996643066,108.730003356934,207708500,108.456481933594
2025-04-29,107.669998168945,110.199996948242,107.440002441406,109.019996643066,170444300,108.745750427246
2025-04-30,104.470001220703,108.919998168945,104.080001831055,108.919998168945,235044600,108.64599609375
2025-05-01,113.080001831055,114.940002441406,111.300003051758,111.610000610352,236121500,111.329231262207
2025-05-02,114.180000305176,115.400001525879,113.370002746582,114.5,190194800,114.211967468262
2025-05-05,112.910003662109,114.669998168945,112.660003662109,113.819999694824,133163200,113.533668518066
2025-05-06,111.480003356934,114.73999786377,110.819999694824,113.540000915527,158525600,113.254379272461
2025-05-07,113.050003051758,117.680000305176,112.279998779297,117.059997558594,206758800,116.765525817871
2025-05-08,118.25,118.680000305176,115.849998474121,117.370002746582,198428100,117.074745178223
2025-05-09,117.349998474121,118.230003356934,115.209999084473,116.650001525879,132972200,116.356559753418
2025-05-12,121.970001220703,123,120.279998779297,123,225023300,122.690567016602
2025-05-13,124.980003356934,131.220001220703,124.470001220703,129.929992675781,330430100,129.603134155273
2025-05-14,133.199996948242,135.440002441406,131.679992675781,135.339996337891,281180800,134.999542236328
2025-05-15,134.289993286133,136.300003051758,132.660003662109,134.830001831055,226632600,134.490829467773
2025-05-16,136.220001220703,136.350006103516,133.460006713867,135.399993896484,226542500,135.059387207031
2025-05-19,132.389999389648,135.869995117188,132.389999389648,135.570007324219,193154600,135.228958129883
2025-05-20,134.289993286133,134.580001831055,132.619995117188,134.380004882812,161514200,134.041961669922
2025-05-21,133.059997558594,137.399993896484,130.589996337891,131.800003051758,270608700,131.468460083008
2025-05-22,132.229995727539,134.25,131.550003051758,132.830001831055,187344000,132.495834350586
2025-05-23,130,132.679992675781,129.160003662109,131.289993286133,198821300,130.959716796875
2025-05-27,134.149993896484,135.660003662109,133.309997558594,135.5,192953600,135.159149169922
2025-05-28,136.029998779297,137.25,134.789993286133,134.809997558594,304021100,134.470855712891
2025-05-29,142.25,143.490005493164,137.910003662109,139.190002441406,369241900,138.839859008789
2025-05-30,138.720001220703,139.619995117188,132.919998168945,135.130004882812,333170900,134.790084838867
2025-06-02,135.490005493164,138.119995117188,135.399993896484,137.380004882812,197663100,137.034408569336
2025-06-03,138.779998779297,142,137.949996948242,141.220001220703,225578800,140.86474609375
2025-06-04,142.190002441406,142.389999389648,139.539993286133,141.919998168945,167120800,141.56298828125
2025-06-05,142.169998168945,144,138.830001831055,139.990005493164,231397900,139.63786315918
2025-06-06,142.509994506836,143.270004272461,141.509994506836,141.720001220703,153986200,141.363510131836
2025-06-09,143.190002441406,145,141.940002441406,142.630004882812,185114500,142.271194458008
2025-06-10,142.690002441406,144.289993286133,141.529998779297,143.960006713867,155881900,143.597854614258
2025-06-11,144.610000610352,144.990005493164,141.869995117188,142.830001831055,167694000,142.480575561523
2025-06-12,141.970001220703,145,141.850006103516,145,162365000,144.645278930664
2025-06-13,142.479995727539,143.580001831055,140.850006103516,141.970001220703,180820600,141.622711181641
2025-06-16,143.350006103516,146.179992675781,143.199996948242,144.690002441406,183133700,144.336044311523
2025-06-17,144.490005493164,145.220001220703,143.779998779297,144.119995117188,139108000,143.767425537109
2025-06-18,144.009994506836,145.649993896484,143.119995117188,145.479995727539,161494100,145.124130249023
2025-06-20,145.449996948242,146.199996948242,142.649993896484,143.850006103516,242956200,143.498107910156
2025-06-23,142.5,144.779998779297,142.029998779297,144.169998168945,154308900,143.817321777344
2025-06-24,145.559997558594,147.960006713867,145.5,147.899993896484,187566100,147.538177490234
2025-06-25,149.270004272461,154.449996948242,149.259994506836,154.309997558594,269146500,153.932510375977
2025-06-26,155.979995727539,156.720001220703,154,155.020004272461,198145700,154.64079284668
2025-06-27,156.039993286133,158.710006713867,155.259994506836,157.75,263234500,157.36408996582
2025-06-30,158.399993896484,158.660003662109,155.960006713867,157.990005493164,194580300,157.603500366211
2025-07-01,156.289993286133,157.199996948242,151.490005493164,153.300003051758,213143600,152.924987792969
2025-07-02,152.979995727539,157.600006103516,152.970001220703,157.25,171224100,156.865310668945
2025-07-03,158.369995117188,160.979995727539,157.770004272461,159.339996337891,143716100,158.9501953125
2025-07-07,158.199996948242,159.309997558594,157.339996337891,158.240005493164,140139000,157.852890014648
2025-07-08,159.330001831055,160.220001220703,158.389999389648,160,138133000,159.608581542969
2025-07-09,161.220001220703,164.419998168945,161.160003662109,162.880004882812,183656400,162.481552124023
2025-07-10,164.320007324219,164.5,161.610000610352,164.100006103516,167704100,163.698577880859
2025-07-11,163.720001220703,167.889999389648,163.470001220703,164.919998168945,193633300,164.516555786133
2025-07-14,165.369995117188,165.490005493164,162.020004272461,164.070007324219,136975800,163.668640136719
2025-07-15,171.190002441406,172.399993896484,169.199996948242,170.699996948242,230627400,170.282409667969
2025-07-16,171.059997558594,171.75,168.899993896484,171.369995117188,158831500,170.950759887695
2025-07-17,172.020004272461,174.160003662109,170.830001831055,173,160841100,172.576797485352
2025-07-18,173.639999389648,174.25,171.259994506836,172.410003662109,146456400,171.988220214844
2025-07-21,172.75,173.380004882812,171,171.380004882812,123126100,170.960739135742
2025-07-22,171.339996337891,171.389999389648,164.580001831055,167.029998779297,193114300,166.621368408203
2025-07-23,169.529998779297,171.259994506836,167.970001220703,170.779998779297,154082200,170.362213134766
2025-07-24,172.440002441406,173.830001831055,171.300003051758,173.740005493164,128984600,173.314987182617
2025-07-25,173.610000610352,174.720001220703,172.960006713867,173.5,122316800,173.075546264648
2025-07-28,174.020004272461,177,173.970001220703,176.75,140023500,176.317611694336
2025-07-29,177.960006713867,179.380004882812,175.020004272461,175.509994506836,154077500,175.080627441406
2025-07-30,176.509994506836,179.889999389648,176.039993286133,179.270004272461,174312200,178.831451416016
2025-07-31,182.899993896484,183.300003051758,175.929992675781,177.869995117188,221685400,177.434860229492
2025-08-01,174.089996337891,176.539993286133,170.889999389648,173.720001220703,204529000,173.295043945312
2025-08-04,175.160003662109,180.199996948242,174.520004272461,180,148174600,179.559646606445
2025-08-05,179.619995117188,180.259994506836,175.899993896484,178.259994506836,156407600,177.82389831543
2025-08-06,176.330001831055,179.899993896484,176.25,179.419998168945,137192300,178.981063842773
2025-08-07,181.570007324219,183.880004882812,178.800003051758,180.770004272461,151878400,180.327789306641
2025-08-08,181.550003051758,183.300003051758,180.399993896484,182.699996948242,123396700,182.253036499023
2025-08-11,182.050003051758,183.839996337891,180.25,182.059997558594,138323200,181.614624023438
2025-08-12,182.960006713867,184.479995727539,179.460006713867,183.160003662109,145485700,182.711929321289
2025-08-13,182.619995117188,183.970001220703,179.350006103516,181.589996337891,179871700,181.145782470703
2025-08-14,179.75,183.020004272461,179.460006713867,182.020004272461,129554000,181.574722290039
2025-08-15,181.880004882812,181.899993896484,178.039993286133,180.449996948242,156602200,180.008560180664
2025-08-18,180.600006103516,182.940002441406,180.589996337891,182.009994506836,132008000,181.564743041992
2025-08-19,182.429992675781,182.5,175.490005493164,175.639999389648,185229200,175.210327148438
2025-08-20,175.169998168945,176,168.800003051758,175.399993896484,215142700,174.970916748047
2025-08-21,174.850006103516,176.899993896484,173.809997558594,174.979995727539,140040900,174.551940917969
2025-08-22,172.610000610352,178.589996337891,171.199996948242,177.990005493164,172789400,177.554565429688
2025-08-25,178.350006103516,181.910003662109,176.570007324219,179.809997558594,163012800,179.370132446289
2025-08-26,180.059997558594,182.389999389648,178.809997558594,181.770004272461,168688200,181.325332641602
2025-08-27,181.979995727539,182.490005493164,179.100006103516,181.600006103516,235518900,181.15576171875
2025-08-28,180.820007324219,184.470001220703,176.410003662109,180.169998168945,281787800,179.729248046875
2025-08-29,178.110000610352,178.149993896484,173.149993896484,174.179992675781,243257900,173.753890991211
2025-09-02,170,172.380004882812,167.220001220703,170.779998779297,231164900,170.362213134766
2025-09-03,171.059997558594,172.410003662109,168.880004882812,170.619995117188,164424900,170.202606201172
2025-09-04,170.570007324219,171.860000610352,169.410003662109,171.660003662109,141670100,171.24006652832
2025-09-05,168.029998779297,169.029998779297,164.070007324219,167.020004272461,224441400,166.611404418945
2025-09-08,167.550003051758,170.960006713867,167.350006103516,168.309997558594,163769100,167.89826965332
2025-09-09,169.089996337891,170.979995727539,166.740005493164,170.759994506836,157548400,170.342254638672
2025-09-10,176.639999389648,179.289993286133,175.470001220703,177.330001831055,226852000,176.896209716797
2025-09-11,179.679992675781,180.279998779297,176.479995727539,177.169998168945,151159300,176.746536254883
2025-09-12,177.770004272461,178.600006103516,176.449996948242,177.820007324219,124911000,177.395004272461
2025-09-15,175.669998168945,178.850006103516,174.509994506836,177.75,147061600,177.325164794922
2025-09-16,177,177.5,174.380004882812,174.880004882812,140737800,174.462020874023
2025-09-17,172.639999389648,173.199996948242,168.410003662109,170.289993286133,211843800,169.88298034668
2025-09-18,173.979995727539,177.100006103516,172.960006713867,176.240005493164,191763300,175.818786621094
2025-09-19,175.770004272461,178.080001831055,175.179992675781,176.669998168945,237182100,176.247741699219
2025-09-22,175.300003051758,184.550003051758,174.710006713867,183.610000610352,269637000,183.171173095703
2025-09-23,181.970001220703,182.419998168945,176.210006713867,178.429992675781,192559600,178.003540039062
2025-09-24,179.770004272461,179.779998779297,175.399993896484,176.970001220703,143564100,176.547027587891
2025-09-25,174.479995727539,180.259994506836,173.130004882812,177.690002441406,191586700,177.265289306641
2025-09-26,178.169998168945,179.770004272461,174.929992675781,178.190002441406,148573700,177.764129638672
2025-09-29,180.429992675781,184,180.320007324219,181.850006103516,193063500,181.41535949707
2025-09-30,182.080001831055,187.350006103516,181.479995727539,186.580001831055,236981000,186.134063720703
2025-10-01,185.240005493164,188.139999389648,183.899993896484,187.240005493164,173844900,186.792495727539
2025-10-02,189.600006103516,191.050003051758,188.059997558594,188.889999389648,136805800,188.438552856445
2025-10-03,189.190002441406,190.360000610352,185.380004882812,187.619995117188,137596900,187.17155456543
2025-10-06,185.5,187.229995727539,183.330001831055,185.539993286133,157678100,185.096542358398
2025-10-07,186.229995727539,189.059997558594,184,185.039993286133,140088000,184.597732543945
2025-10-08,186.570007324219,189.600006103516,186.539993286133,189.110000610352,130168900,188.658020019531
2025-10-09,192.229995727539,195.300003051758,191.059997558594,192.570007324219,182997200,192.109741210938
2025-10-10,193.509994506836,195.619995117188,182.050003051758,183.160003662109,268774400,182.722229003906
2025-10-13,187.970001220703,190.110000610352,185.960006713867,188.320007324219,153482800,187.869918823242
2025-10-14,184.770004272461,184.800003051758,179.699996948242,180.029998779297,205641400,179.599716186523
2025-10-15,184.800003051758,184.869995117188,177.289993286133,179.830001831055,214450500,179.400192260742
2025-10-16,182.229995727539,183.279998779297,179.770004272461,181.809997558594,179723300,181.375442504883
2025-10-17,180.179992675781,184.100006103516,179.75,183.220001220703,173135200,182.782089233398
2025-10-20,183.130004882812,185.199996948242,181.729995727539,182.639999389648,128544700,182.203475952148
2025-10-21,182.789993286133,182.789993286133,179.800003051758,181.160003662109,124240200,180.727020263672
2025-10-22,181.139999389648,183.440002441406,176.759994506836,180.279998779297,162249600,179.849105834961
2025-10-23,180.419998168945,183.029998779297,179.789993286133,182.160003662109,111363700,181.724639892578
2025-10-24,183.839996337891,187.470001220703,183.5,186.259994506836,131296700,185.814804077148
2025-10-27,189.990005493164,192,188.429992675781,191.490005493164,153452700,191.032333374023
2025-10-28,193.050003051758,203.149993896484,191.910003662109,201.029998779297,297986200,200.549530029297
2025-10-29,207.979995727539,212.190002441406,204.779998779297,207.039993286133,308829600,206.545150756836
2025-10-30,205.149993896484,206.160003662109,201.410003662109,202.889999389648,178864400,202.405075073242
2025-10-31,206.449996948242,207.970001220703,202.070007324219,202.490005493164,179802200,202.006042480469
2025-11-03,208.080001831055,211.339996337891,205.559997558594,206.880004882812,180267300,206.385543823242
2025-11-04,203,203.970001220703,197.929992675781,198.690002441406,188919300,198.215118408203
2025-11-05,198.770004272461,202.919998168945,194.649993896484,195.210006713867,171350300,194.743438720703
2025-11-06,196.419998168945,197.619995117188,186.380004882812,188.080001831055,223029800,187.630477905273
2025-11-07,184.899993896484,188.320007324219,178.910003662109,188.149993896484,264942300,187.700286865234
2025-11-10,195.110000610352,199.940002441406,193.789993286133,199.050003051758,198897100,198.574279785156
2025-11-11,195.160003662109,195.419998168945,191.300003051758,193.160003662109,176483300,192.698333740234
2025-11-12,195.720001220703,195.889999389648,191.130004882812,193.800003051758,154935300,193.336807250977
2025-11-13,191.050003051758,191.440002441406,183.850006103516,186.860000610352,207423100,186.413391113281
2025-11-14,182.860000610352,191.009994506836,180.580001831055,190.169998168945,186591900,189.715469360352
2025-11-17,185.970001220703,189,184.320007324219,186.600006103516,173628900,186.154022216797
2025-11-18,183.380004882812,184.800003051758,179.649993896484,181.360000610352,213598900,180.926513671875
2025-11-19,184.789993286133,187.860000610352,182.830001831055,186.520004272461,247246400,186.074188232422
2025-11-20,195.949996948242,196,179.850006103516,180.639999389648,343504800,180.208251953125
2025-11-21,181.240005493164,184.559997558594,172.929992675781,178.880004882812,346926200,178.452453613281
2025-11-24,179.490005493164,183.5,176.479995727539,182.550003051758,256618300,182.113693237305
2025-11-25,174.910003662109,178.160003662109,169.550003051758,177.820007324219,320600300,177.395004272461
2025-11-26,181.630004882812,182.910003662109,178.240005493164,180.259994506836,183852000,179.829147338867
2025-11-28,179.009994506836,179.289993286133,176.5,177,121332800,176.576965332031
2025-12-01,174.759994506836,180.300003051758,173.679992675781,179.919998168945,188131000,179.489974975586
2025-12-02,181.759994506836,185.660003662109,180,181.460006713867,182632200,181.026306152344
2025-12-03,181.080001831055,182.449996948242,179.110000610352,179.589996337891,165138000,179.160766601562
2025-12-04,181.619995117188,184.520004272461,179.960006713867,183.380004882812,167364900,182.951889038086
2025-12-05,183.889999389648,184.660003662109,180.910003662109,182.410003662109,143971100,181.984161376953
2025-12-08,182.639999389648,188,182.399993896484,185.550003051758,204378100,185.116821289062
2025-12-09,185.559997558594,185.720001220703,183.320007324219,184.970001220703,144719700,184.538192749023
2025-12-10,184.970001220703,185.479995727539,182.039993286133,183.779998779297,162785400,183.350952148438
2025-12-11,180.279998779297,181.320007324219,176.619995117188,180.929992675781,182136600,180.507598876953
2025-12-12,181.110000610352,182.820007324219,174.619995117188,175.020004272461,204274900,174.611419677734
2025-12-15,177.940002441406,178.419998168945,175.029998779297,176.289993286133,164775600,175.878433227539
2025-12-16,176.259994506836,178.490005493164,174.899993896484,177.720001220703,148588100,177.305099487305
2025-12-17,176.100006103516,176.130004882812,170.309997558594,170.940002441406,222775500,170.540939331055
2025-12-18,174.529998779297,176.149993896484,171.820007324219,174.139999389648,176096000,173.733459472656
2025-12-19,176.669998168945,181.449996948242,176.339996337891,180.990005493164,324925900,180.567474365234
2025-12-22,183.919998168945,184.160003662109,182.350006103516,183.690002441406,129064400,183.261169433594
2025-12-23,182.970001220703,189.330001831055,182.899993896484,189.210006713867,174873600,188.768295288086
2025-12-24,187.940002441406,188.910003662109,186.589996337891,188.610000610352,65528500,188.169677734375
2025-12-26,189.919998168945,192.690002441406,188,190.529998779297,139740300,190.085205078125
2025-12-29,187.710006713867,188.759994506836,185.910003662109,188.220001220703,120006100,187.78059387207
2025-12-30,188.240005493164,188.990005493164,186.929992675781,187.539993286133,97687300,187.102188110352
2025-12-31,189.570007324219,190.559997558594,186.490005493164,186.5,120100500,186.064605712891
